Class (FINAL),Morph Class,Simplified Terrain,DEM,"Diameter, crater (m)",depth (m),depth/ Diameter,Avg Wall Slope (ř),rim h (avg),rim/D
AB,NORMAL,highlands,Apollo15,42,6.8,0.16,18.6,NaN,NaN
AB,NORMAL,mare,Apollo15,45,5,0.11,12.8,NaN,NaN
AB,NORMAL,highlands,Apollo16,45,5.2,0.12,14,NaN,NaN
AB,NORMAL,highlands,Apollo16,71,8,0.11,13.5,NaN,NaN
AB,NORMAL,highlands,Apollo16,115,16.1,0.14,18,NaN,NaN
AB,NORMAL,highlands,Apollo16,65,9.6,0.15,17.4,NaN,NaN
AB,NORMAL,highlands,Apollo16,51,5.8,0.11,14.2,NaN,NaN
AB,NORMAL,highlands,Apollo16,96,12.5,0.13,15,NaN,NaN
AB,FLAT,highlands,Apollo16,62,5.2,0.08,9.9,NaN,NaN
AB,NORMAL,highlands,Apollo16,48,6.8,0.14,15.9,NaN,NaN
AB,NORMAL,highlands,Apollo16,46,6.5,0.14,16,NaN,NaN
AB,NORMAL,highlands,Apollo16,64,9.9,0.15,17.3,NaN,NaN
AB,NORMAL,highlands,Apollo16,69,9.8,0.14,15.9,NaN,NaN
AB,NORMAL,highlands,Apollo16,140,25.9,0.19,20.9,NaN,NaN
AB,NORMAL,highlands,Apollo16,55,5.8,0.11,12.1,NaN,NaN
AB,FLAT,highlands,Apollo16_2,1019,234,0.23,27.2,45,0.04
AB,NORMAL,highlands,Apollo17_1,76,13.7,0.18,20.8,NaN,NaN
AB,NORMAL,mix,Apollo17_2,39,3.5,0.09,11.9,NaN,NaN
AB,NORMAL,ejecta,Aristarchu2,74,10,0.14,15.2,NaN,NaN
AB,NORMAL,ejecta,Aristarchu2,71,10.4,0.15,16.3,NaN,NaN
AB,NORMAL,ejecta,Aristarchu2,96,12.7,0.13,15.3,NaN,NaN
AB,NORMAL,ejecta,Aristarchu2,107,17.6,0.16,18.2,NaN,NaN
AB,NORMAL,ejecta,Aristarchu2,42,4.3,0.1,11.6,NaN,NaN
AB,NORMAL,ejecta,Aristarchu2,149,18.5,0.12,15.1,NaN,NaN
AB,NORMAL,ejecta,Aristarchu5,57,6.6,0.12,15.9,NaN,NaN
AB,NORMAL,ejecta,Aristarchu5,81,11.6,0.14,16.2,NaN,NaN
AB,NORMAL,ejecta,Aristarchu5,64,8.7,0.14,15.5,NaN,NaN
AB,NORMAL,ejecta,Aristarchu5,55,6.6,0.12,14.9,NaN,NaN
AB,NORMAL,SP,Bhabha,54,4.7,0.09,11.4,NaN,NaN
AB,NORMAL,SP,Bhabha,49,5.6,0.11,13,NaN,NaN
AB,NORMAL,SP,Bhabha,43,3.8,0.09,10.1,NaN,NaN
AB,NORMAL,SP,Bhabha,47,4.8,0.1,11.7,NaN,NaN
AB,POND,ejecta,CopernGrab,296,59,0.2,23.8,8,0.03
AB,NORMAL,mare,CxMarius,97,14,0.14,17.2,4,0.04
AB,NORMAL,mare,CxMarius,252,42,0.17,19.6,4,0.02
AB,FLAT,highlands,DAlembert,274,36,0.13,14.6,5,0.02
AB,NORMAL,ejecta,Fresh1,66,8.2,0.12,15.2,NaN,NaN
AB,NORMAL,ejecta,Fresh1,63,9.1,0.14,16.4,NaN,NaN
AB,NORMAL,ejecta,Fresh1,41,3.4,0.08,9.6,NaN,NaN
AB,NORMAL,ejecta,Fresh1,41,4,0.1,11.9,NaN,NaN
AB,NORMAL,SP,Fresh13,91,14.6,0.16,18.4,NaN,NaN
AB,POND,mix,Fresh9,2597,565,0.22,27.4,151,0.06
AB,NORMAL,mix,GEMIMP1,1013,224,0.22,26.4,40,0.04
AB,POND,impact_melt,Glushko,1858,339,0.18,22.5,NaN,NaN
AB,NORMAL,highlands,Hanno,117,16,0.14,16.4,2,0.02
AB,NORMAL,highlands,HawkeG,3178,642,0.2,25.7,79,0.02
AB,NORMAL,mare,Hortensius5,57,6.8,0.12,13.6,NaN,NaN
AB,FLAT,mare,Hortensius5,52,7,0.14,15.9,NaN,NaN
AB,MOUND,mare,Hortensius5,46,5.7,0.12,14.1,NaN,NaN
AB,NORMAL,mare,Hortensius5,94,13.7,0.15,16.3,NaN,NaN
AB,FLAT,mare,Hortensius5,54,6.3,0.12,13.4,NaN,NaN
AB,NORMAL,mare,Hortensius5,74,9.1,0.12,14.2,NaN,NaN
AB,NORMAL,mare,Hortensius5,48,8.1,0.17,18.8,NaN,NaN
AB,NORMAL,mare,Hortensius5,47,5.7,0.12,14.3,NaN,NaN
AB,NORMAL,mare,Hortensius5,72,7.3,0.1,11.5,NaN,NaN
AB,NORMAL,mare,Hortensius5,39,3.2,0.08,10.3,NaN,NaN
AB,MOUND,mare,Hortensius5,64,6.5,0.1,12.3,NaN,NaN
AB,NORMAL,mare,Hortensius5,72,8.7,0.12,14.2,NaN,NaN
AB,NORMAL,mare,Hortensius5,47,5.8,0.12,13.8,NaN,NaN
AB,FLAT,mare,Hortensius5,260,37,0.14,18,7,0.03
AB,NORMAL,mix,Hortensius7,205,36,0.18,21.7,7,0.03
AB,POND,highlands,ImpactMelt1,7337,1353,0.18,31.75,NaN,NaN
AB,NORMAL,mix,InaCaldera1,59,6.6,0.11,13.5,NaN,NaN
AB,NORMAL,mare,JeansU,103,17.4,0.17,19.1,NaN,NaN
AB,FLAT,mare,Jenner,76,7.5,0.1,11.3,NaN,NaN
AB,POND,mare,LaPlaceA,8310,1792,0.22,26.4,397,0.05
AB,FLAT,silicic,Lassell,298,40.7,0.14,15.4,NaN,NaN
AB,NORMAL,silicic,Lassell,195,21.8,0.11,12.8,NaN,NaN
AB,NORMAL,mare,Luna24,104,14.3,0.14,16,NaN,NaN
AB,NORMAL,mare,Luna24,92,10.5,0.11,13.5,NaN,NaN
AB,NORMAL,mare,Luna24,139,14.8,0.11,12.6,NaN,NaN
AB,FLAT,mare,Luna24,77,9.8,0.13,14.4,NaN,NaN
AB,NORMAL,mare,Luna24,47,5.8,0.12,14,NaN,NaN
AB,FLAT,mare,Luna24,65,8,0.12,14.4,NaN,NaN
AB,FLAT,mare,Luna24,76,9,0.12,13.5,NaN,NaN
AB,NORMAL,mare,Luna24,54,7.4,0.14,15.5,NaN,NaN
AB,NORMAL,mare,Luna24,87,11.3,0.13,15.2,NaN,NaN
AB,NORMAL,mare,Luna24,107,13.9,0.13,14.9,NaN,NaN
AB,NORMAL,mare,Luna24,53,5.1,0.1,11.2,NaN,NaN
AB,FLAT,mare,Luna24,56,6.6,0.12,13.8,NaN,NaN
AB,NORMAL,mare,Luna24,62,6.4,0.1,12.2,NaN,NaN
AB,FLAT,mare,Luna24,104,13.1,0.13,14.2,NaN,NaN
AB,NORMAL,mare,Luna24,55,4.3,0.08,8.9,NaN,NaN
AB,NORMAL,mare,Luna24,64,6.9,0.11,12.2,NaN,NaN
AB,FLAT,mare,Luna24,104,13.1,0.13,14.4,NaN,NaN
AB,NORMAL,mare,Luna24,72,9.4,0.13,16.6,NaN,NaN
AB,NORMAL,mare,Luna24,65,8.2,0.13,14.7,NaN,NaN
AB,FLAT,mare,Luna24,92,11.8,0.13,14.6,NaN,NaN
AB,NORMAL,mare,Luna24,44,4.1,0.09,11.2,NaN,NaN
AB,FLAT,mare,Luna24,45,4.7,0.1,12.1,NaN,NaN
AB,NORMAL,mare,Luna24,46,5.7,0.12,14.2,NaN,NaN
AB,FLAT,mare,Luna24,84,9.3,0.11,12.7,NaN,NaN
AB,NORMAL,mare,Marius1,150,16.6,0.11,12.5,NaN,NaN
AB,NORMAL,mare,Marius2,83,10.8,0.13,14.6,NaN,NaN
AB,NORMAL,mare,Marius2,94,11.8,0.13,14.3,NaN,NaN
AB,NORMAL,mare,Marius2,42,3.6,0.09,9.8,NaN,NaN
AB,NORMAL,mare,Marius2,51,5.8,0.11,13,NaN,NaN
AB,NORMAL,mare,Marius2,61,5.6,0.09,12.4,NaN,NaN
AB,NORMAL,mare,Marius2,47,5.1,0.11,12.3,NaN,NaN
AB,NORMAL,mare,Marius2,69,8.3,0.12,13.9,NaN,NaN
AB,NORMAL,mare,Marius3,61,6.5,0.11,12.1,NaN,NaN
AB,NORMAL,mare,Marius3,53,7.6,0.14,16.1,NaN,NaN
AB,MOUND,mare,Marius3,41,4.2,0.1,12.4,NaN,NaN
AB,NORMAL,mare,Marius3,48,5.5,0.11,13.1,NaN,NaN
AB,NORMAL,mare,Marius3,46,4.9,0.11,12.3,NaN,NaN
AB,NORMAL,mare,Marius3,45,4.5,0.1,12,NaN,NaN
AB,NORMAL,mare,Marius4,42,4.5,0.11,12.4,NaN,NaN
AB,NORMAL,mare,Marius4,137,24.5,0.18,19.7,NaN,NaN
AB,NORMAL,mare,MaskelyneF,145,20.9,0.14,16.2,NaN,NaN
AB,NORMAL,highlands,NewCrater2,542,107,0.2,22.4,NaN,NaN
AB,NORMAL,SP,Orientale1,40,5.1,0.13,14.7,NaN,NaN
AB,NORMAL,SP,Orientale1,125,20.8,0.17,18.5,NaN,NaN
AB,NORMAL,highlands,Orientale1,51,8.5,0.17,18.8,NaN,NaN
AB,NORMAL,SP,Orientale1,44,7.3,0.17,18.6,NaN,NaN
AB,NORMAL,SP,Orientale1,78,14.5,0.19,20.4,NaN,NaN
AB,FLAT,SP,Orientale1,191,35,0.18,19.2,9,0.05
AB,NORMAL,SP,Orientale3,442,75,0.17,20.5,12,0.03
AB,NORMAL,highlands,OrientaleVentmosaic,367,62,0.17,19.5,12,0.03
AB,NORMAL,highlands,OrientaleVent,467,76,0.16,19.5,24,0.05
AB,NORMAL,mare,Ranger,45,5.3,0.12,13.9,NaN,NaN
AB,MOUND,mare,Ranger,58,7.5,0.13,14.6,NaN,NaN
AB,NORMAL,mare,Ranger,69,9.4,0.14,15.5,NaN,NaN
AB,NORMAL,mare,Ranger,45,4.9,0.11,12.5,NaN,NaN
AB,MOUND,mare,Ranger,61,7.9,0.13,14.8,NaN,NaN
AB,NORMAL,mare,Ranger,52,5.9,0.11,13,NaN,NaN
AB,MOUND,mare,Ranger,39,4.3,0.11,13,NaN,NaN
AB,NORMAL,mare,Ranger,58,8.2,0.14,15.8,NaN,NaN
AB,NORMAL,mare,Ranger,48,6.3,0.13,14.9,NaN,NaN
AB,NORMAL,mare,Ranger,43,5.6,0.13,15.7,NaN,NaN
AB,NORMAL,mare,Ranger,41,3.3,0.08,11,NaN,NaN
AB,NORMAL,mare,Ranger,45,6.8,0.15,16.9,NaN,NaN
AB,NORMAL,mare,Ranger,61,7.4,0.12,13.9,NaN,NaN
AB,MOUND,mare,Ranger,59,8.9,0.15,18.1,NaN,NaN
AB,MOUND,mare,Ranger,54,6.6,0.12,13.9,NaN,NaN
AB,NORMAL,mare,Ranger,41,3.7,0.09,10.3,NaN,NaN
AB,NORMAL,mare,Ranger,105,16.3,0.16,17.6,NaN,NaN
AB,NORMAL,mare,Ranger,53,6.1,0.11,12.9,NaN,NaN
AB,NORMAL,mare,Reiner2,103,15.2,0.15,16.7,NaN,NaN
AB,NORMAL,mare,Reiner2,77,11.1,0.14,16.4,NaN,NaN
AB,NORMAL,mare,Reiner2,144,20.8,0.14,16.4,NaN,NaN
AB,NORMAL,mare,Reiner2,54,6,0.11,12.6,NaN,NaN
AB,NORMAL,mare,Reiner2,52,7.4,0.14,15.9,NaN,NaN
AB,NORMAL,mare,Reiner2,52,6.8,0.13,14.8,NaN,NaN
AB,NORMAL,mare,Reiner2,58,5.5,0.09,10.8,NaN,NaN
AB,FLAT,mare,Reiner2,70,7.5,0.11,12.1,NaN,NaN
AB,NORMAL,mare,Reiner2,176,29.5,0.17,19.3,NaN,NaN
AB,NORMAL,mare,Reiner2,48,5.9,0.12,14.1,NaN,NaN
AB,NORMAL,mare,Reiner2,113,14.7,0.13,14.8,NaN,NaN
AB,NORMAL,mare,Reiner2,40,3.6,0.09,11.3,NaN,NaN
AB,NORMAL,mare,Reiner2,41,3.7,0.09,11,NaN,NaN
AB,NORMAL,mare,Reiner2,66,7.1,0.11,12.3,NaN,NaN
AB,FLAT,mare,Reiner2,126,14.2,0.11,12.7,NaN,NaN
AB,MOUND,mare,Reiner2,45,3.8,0.08,10.1,NaN,NaN
AB,FLAT,mare,Reiner2,40,3.2,0.08,9.1,NaN,NaN
AB,NORMAL,mare,Reiner3,41,3.2,0.08,8.9,NaN,NaN
AB,FLAT,mare,Reiner3,43,3.9,0.09,10.2,NaN,NaN
AB,NORMAL,mare,Reiner3,46,3.4,0.07,8.9,NaN,NaN
AB,NORMAL,mare,Reiner3,55,7.4,0.13,15.6,NaN,NaN
AB,NORMAL,mare,Reiner3,39,4,0.1,12.1,NaN,NaN
AB,NORMAL,mare,Reiner3,44,4.6,0.1,11.9,NaN,NaN
AB,FLAT,mare,Reiner3,51,5.5,0.11,14.8,NaN,NaN
AB,NORMAL,mare,Reiner3,45,6.7,0.15,16.7,NaN,NaN
AB,NORMAL,mare,Reiner3,44,5.1,0.12,13.5,NaN,NaN
AB,NORMAL,mare,Reiner3,97,11.3,0.12,14.8,NaN,NaN
AB,NORMAL,mare,Reiner3,44,3.3,0.08,9.2,NaN,NaN
AB,NORMAL,mare,Reiner3,52,4.2,0.08,9.2,NaN,NaN
AB,NORMAL,mare,Reiner3,70,7.2,0.1,11.8,NaN,NaN
AB,FLAT,mare,Reiner3,46,2.8,0.06,7.7,NaN,NaN
AB,NORMAL,mare,Reiner3,44,3.4,0.08,9.7,NaN,NaN
AB,NORMAL,mare,Reiner4,52,6.9,0.13,15,NaN,NaN
AB,NORMAL,mare,Reiner4,40,3.6,0.09,10.1,NaN,NaN
AB,NORMAL,mare,Reiner4,54,6.4,0.12,14.1,NaN,NaN
AB,NORMAL,mare,Reiner4,46,3.6,0.08,9.1,NaN,NaN
AB,NORMAL,mare,Reiner4,43,4.1,0.1,11.1,NaN,NaN
AB,NORMAL,mare,Reiner4,48,5.9,0.12,14.4,NaN,NaN
AB,NORMAL,mare,Reiner4,46,5.2,0.11,13.2,NaN,NaN
AB,NORMAL,mare,Reiner4,66,8.6,0.13,14.8,NaN,NaN
AB,MOUND,mare,Reiner4,60,5,0.08,9.6,NaN,NaN
AB,NORMAL,mare,Reiner4,141,18.2,0.13,14.6,NaN,NaN
AB,NORMAL,mare,ReinerMos,65,8,0.12,17.8,2,0.03
AB,POND,mare,RumkerDomes1,717,156,0.22,25.3,18,0.02
AB,POND,mare,RumkerDomes4,248,46,0.19,21.8,3,0.01
AB,NORMAL,highlands,SPArim2,50,4.6,0.09,10.8,NaN,NaN
AB,NORMAL,highlands,SPArim2,54,4.5,0.08,9.9,NaN,NaN
AB,NORMAL,highlands,SPArim2,116,18.5,0.16,17.9,NaN,NaN
AB,NORMAL,highlands,SPArim2,189,28.3,0.15,17.4,NaN,NaN
AB,NORMAL,highlands,SPArim2,57,4.9,0.09,10.5,NaN,NaN
AB,NORMAL,highlands,SPArim3,109,13.9,0.13,15.2,NaN,NaN
AB,NORMAL,highlands,SPArim3,121,16.8,0.14,15.6,NaN,NaN
AB,NORMAL,highlands,SPArim3,52,4.9,0.09,11.1,NaN,NaN
AB,NORMAL,highlands,SPArim3,59,6.1,0.1,11.9,NaN,NaN
AB,FLAT,highlands,SPArim3,125,16.7,0.13,15.1,NaN,NaN
AB,NORMAL,highlands,SPArim3,319,55.1,0.17,19.4,NaN,NaN
AB,NORMAL,highlands,SPArim3,110,18.6,0.17,18.8,NaN,NaN
AB,NORMAL,highlands,SPArim3,50,4.6,0.09,10.7,NaN,NaN
AB,NORMAL,highlands,SPArim3,49,5,0.1,11.4,NaN,NaN
AB,NORMAL,highlands,SPArim3,60,6.8,0.11,13.2,NaN,NaN
AB,FLAT,highlands,SPArim3,73,8.3,0.11,12.9,NaN,NaN
AB,FLAT,highlands,SPArim3,537,98,0.18,20.5,15,0.03
AB,NORMAL,highlands,SPArim4,134,21.6,0.16,18.9,NaN,NaN
AB,NORMAL,highlands,SPArim4,81,9.1,0.11,13.1,NaN,NaN
AB,NORMAL,highlands,SPArim4,96,13,0.14,15.3,NaN,NaN
AB,NORMAL,highlands,SPArim4,52,5.7,0.11,12.5,NaN,NaN
AB,NORMAL,highlands,SPArim4,71,9.3,0.13,14.8,NaN,NaN
AB,NORMAL,highlands,SPArim4,54,6.2,0.12,13.3,NaN,NaN
AB,POND,mare,TranqPit,578,116,0.2,23.3,14,0.02
AB,NORMAL,mare,Trnqrdge,293,46,0.16,19.2,5,0.02
AB,NORMAL,ejecta,TychoRim,123,18,0.15,18,NaN,NaN
AB,NORMAL,impact_melt,TychoRim,100,14,0.14,16.3,NaN,NaN
AB,NORMAL,ejecta,TychoRim,69,8,0.12,12.8,NaN,NaN
AB,NORMAL,ejecta,TychoRim,93,13,0.14,16.3,NaN,NaN
AB,NORMAL,ejecta,TychoRim,84,15,0.18,20.5,2,0.02
AB,NORMAL,ejecta,TychoSE,84,15.9,0.19,21.2,NaN,NaN
AB,NORMAL,ejecta,TychoSE,414,92.1,0.22,24.6,NaN,NaN
AB,NORMAL,ejecta,TychoSE,86,13.4,0.16,17.2,NaN,NaN
AB,NORMAL,ejecta,TychoSE,72,11.9,0.16,18.7,NaN,NaN
AB,NORMAL,ejecta,TychoSE,179,38.6,0.22,25.9,NaN,NaN
AB,NORMAL,ejecta,TychoSE,67,9,0.13,15.3,NaN,NaN
AB,NORMAL,impact_melt,TychoSE,92,17.8,0.19,21.5,NaN,NaN
AB,FLAT,impact_melt,TychoSE,115,17.8,0.15,17.3,NaN,NaN
AB,NORMAL,ejecta,TychoSE,98,18.1,0.18,20.6,NaN,NaN
AB,FLAT,ejecta,TychoSE,42,4.1,0.1,11.2,NaN,NaN
AB,NORMAL,ejecta,TychoSE,76,11.4,0.15,17.6,NaN,NaN
AB,NORMAL,impact_melt,TychoSE,67,9.3,0.14,15.6,NaN,NaN
AB,NORMAL,impact_melt,TychoSE,71,10.9,0.15,18.1,NaN,NaN
AB,NORMAL,ejecta,TychoSE,104,17.5,0.17,19.3,NaN,NaN
AB,MOUND,mix,VallesSchroteri,771,156,0.2,23.8,17,0.02
AB,NORMAL,ejecta,Whale,335,51,0.15,19.7,8,0.02
B,NORMAL,mare,Apollo15,47,6.3,0.13,16,NaN,NaN
B,NORMAL,mare,Apollo15,57,5.8,0.1,11.6,NaN,NaN
B,NORMAL,mare,Apollo15,85,11.1,0.13,14.8,NaN,NaN
B,NORMAL,highlands,Apollo15,61,8.5,0.14,17.2,NaN,NaN
B,NORMAL,mare,Apollo15,60,6.5,0.11,12.3,NaN,NaN
B,NORMAL,mare,Apollo15,74,8.4,0.11,13,NaN,NaN
B,NORMAL,mare,Apollo15,174,26.7,0.15,17.3,NaN,NaN
B,NORMAL,mare,Apollo15,46,4.8,0.1,12.7,NaN,NaN
B,NORMAL,mare,Apollo15,62,10.1,0.16,18.3,NaN,NaN
B,NORMAL,highlands,Apollo16,69,9.1,0.13,15.2,NaN,NaN
B,NORMAL,highlands,Apollo16,72,10.5,0.15,16.9,NaN,NaN
B,NORMAL,highlands,Apollo16,52,7.6,0.15,16.8,NaN,NaN
B,NORMAL,highlands,Apollo16,51,5.4,0.11,12.5,NaN,NaN
B,NORMAL,highlands,Apollo16,55,7.9,0.14,16.1,NaN,NaN
B,NORMAL,highlands,Apollo16,60,5.9,0.1,12.5,NaN,NaN
B,NORMAL,highlands,Apollo16,69,8.8,0.13,14.4,NaN,NaN
B,NORMAL,highlands,Apollo16,41,5.2,0.13,15,NaN,NaN
B,NORMAL,highlands,Apollo16,52,6.1,0.12,13.3,NaN,NaN
B,NORMAL,highlands,Apollo16,54,7.7,0.14,16.4,NaN,NaN
B,NORMAL,highlands,Apollo16,63,6.2,0.1,11.5,NaN,NaN
B,NORMAL,highlands,Apollo16,39,4.3,0.11,12.7,NaN,NaN
B,NORMAL,highlands,Apollo16,54,5.8,0.11,12.6,NaN,NaN
B,NORMAL,highlands,Apollo16,62,6.7,0.11,12.2,NaN,NaN
B,NORMAL,highlands,Apollo16,45,6.2,0.14,15.8,NaN,NaN
B,NORMAL,highlands,Apollo16,78,10.6,0.14,15.3,NaN,NaN
B,NORMAL,highlands,Apollo16,39,5.4,0.14,15.6,NaN,NaN
B,NORMAL,highlands,Apollo16,64,6.2,0.1,11.1,NaN,NaN
B,NORMAL,highlands,Apollo16,94,11.5,0.12,14.8,NaN,NaN
B,NORMAL,highlands,Apollo16,86,13.5,0.16,17.5,NaN,NaN
B,NORMAL,highlands,Apollo16,67,10,0.15,16.8,NaN,NaN
B,NORMAL,highlands,Apollo16,69,7,0.1,11.8,NaN,NaN
B,NORMAL,highlands,Apollo16,50,6.7,0.13,15.3,NaN,NaN
B,NORMAL,highlands,Apollo16,61,10,0.16,18.3,NaN,NaN
B,NORMAL,highlands,Apollo16,46,5.7,0.12,15.3,NaN,NaN
B,NORMAL,highlands,Apollo16,47,5.9,0.12,14.4,NaN,NaN
B,NORMAL,highlands,Apollo16,62,4.9,0.08,10.3,NaN,NaN
B,NORMAL,highlands,Apollo16,87,13.9,0.16,18.9,NaN,NaN
B,NORMAL,highlands,Apollo16,49,6.5,0.13,14.9,NaN,NaN
B,NORMAL,highlands,Apollo16,60,5.9,0.1,12.4,NaN,NaN
B,NORMAL,highlands,Apollo16,58,7.4,0.13,14.4,NaN,NaN
B,NORMAL,highlands,Apollo16,45,5.5,0.12,14.4,NaN,NaN
B,NORMAL,highlands,Apollo16,48,6.6,0.14,15.3,NaN,NaN
B,NORMAL,highlands,Apollo16,62,6.6,0.11,12.6,NaN,NaN
B,NORMAL,highlands,Apollo16,42,5.1,0.12,14.7,NaN,NaN
B,NORMAL,highlands,Apollo16,57,6.9,0.12,14,NaN,NaN
B,NORMAL,highlands,Apollo16,41,4.8,0.12,13.2,NaN,NaN
B,NORMAL,highlands,Apollo16,50,5.4,0.11,12.2,NaN,NaN
B,NORMAL,highlands,Apollo16,183,25.5,0.14,15.6,NaN,NaN
B,NORMAL,highlands,Apollo16,105,12.6,0.12,13.5,NaN,NaN
B,NORMAL,highlands,Apollo16,43,5.9,0.14,15.3,NaN,NaN
B,NORMAL,highlands,Apollo16,67,7.7,0.12,13.8,NaN,NaN
B,NORMAL,highlands,Apollo16,47,5.5,0.12,13.5,NaN,NaN
B,NORMAL,highlands,Apollo16,68,6.6,0.1,11,NaN,NaN
B,NORMAL,highlands,Apollo16,73,10,0.14,15.7,NaN,NaN
B,NORMAL,highlands,Apollo16,83,11.9,0.14,16,NaN,NaN
B,NORMAL,highlands,Apollo16,84,10.8,0.13,14.7,NaN,NaN
B,NORMAL,highlands,Apollo16,46,5.9,0.13,14.4,NaN,NaN
B,NORMAL,highlands,Apollo16,88,9,0.1,12.7,NaN,NaN
B,NORMAL,highlands,Apollo16,53,5.7,0.11,12.8,NaN,NaN
B,NORMAL,highlands,Apollo16,46,4.7,0.1,12.8,NaN,NaN
B,NORMAL,highlands,Apollo16,51,7.4,0.14,16.3,NaN,NaN
B,NORMAL,highlands,Apollo16,69,9.3,0.14,15.5,NaN,NaN
B,NORMAL,highlands,Apollo16,43,4.8,0.11,13.1,NaN,NaN
B,NORMAL,highlands,Apollo16,49,6.5,0.13,14.9,NaN,NaN
B,NORMAL,highlands,Apollo16,53,4.7,0.09,10.1,NaN,NaN
B,NORMAL,highlands,Apollo16,63,8.8,0.14,15.9,NaN,NaN
B,NORMAL,highlands,Apollo16,57,6.9,0.12,13.9,NaN,NaN
B,NORMAL,highlands,Apollo16,66,7.8,0.12,13.5,NaN,NaN
B,NORMAL,highlands,Apollo16,51,5.7,0.11,12.7,NaN,NaN
B,NORMAL,highlands,Apollo16,63,8.5,0.14,15.6,NaN,NaN
B,NORMAL,highlands,Apollo16,57,8.8,0.15,17.6,NaN,NaN
B,NORMAL,highlands,Apollo16,142,23.7,0.17,18.5,NaN,NaN
B,NORMAL,highlands,Apollo16,75,8.6,0.11,13.6,NaN,NaN
B,NORMAL,highlands,Apollo16,66,9.4,0.14,16,NaN,NaN
B,NORMAL,highlands,Apollo16,62,5,0.08,9.9,NaN,NaN
B,NORMAL,highlands,Apollo16,74,6.6,0.09,11,NaN,NaN
B,NORMAL,highlands,Apollo16,106,11.7,0.11,14.6,NaN,NaN
B,NORMAL,highlands,Apollo16,77,12.7,0.16,18.3,NaN,NaN
B,NORMAL,highlands,Apollo16,55,6.3,0.11,13,NaN,NaN
B,NORMAL,highlands,Apollo16,108,13.3,0.12,14.2,NaN,NaN
B,NORMAL,highlands,Apollo16,89,10.1,0.11,13.5,NaN,NaN
B,NORMAL,highlands,Apollo16,58,7.9,0.14,15.3,NaN,NaN
B,NORMAL,highlands,Apollo16,51,5.9,0.12,13.7,NaN,NaN
B,NORMAL,highlands,Apollo16,49,4.2,0.09,10.6,NaN,NaN
B,NORMAL,highlands,Apollo16,76,9.5,0.12,14.2,NaN,NaN
B,NORMAL,highlands,Apollo16,58,6.4,0.11,12.6,NaN,NaN
B,NORMAL,highlands,Apollo16,60,7.5,0.12,14.8,NaN,NaN
B,NORMAL,highlands,Apollo16,57,6.1,0.11,13.5,NaN,NaN
B,NORMAL,highlands,Apollo16,83,13.7,0.17,18.4,NaN,NaN
B,NORMAL,highlands,Apollo16,56,5.8,0.1,12.7,NaN,NaN
B,NORMAL,highlands,Apollo16,55,7,0.13,14.7,NaN,NaN
B,NORMAL,highlands,Apollo16,56,6.3,0.11,12.9,NaN,NaN
B,NORMAL,highlands,Apollo16,56,5.9,0.11,13.1,NaN,NaN
B,NORMAL,highlands,Apollo16,87,8.3,0.1,12.1,NaN,NaN
B,NORMAL,highlands,Apollo16,89,12.2,0.14,16.1,NaN,NaN
B,NORMAL,highlands,Apollo16,51,6.7,0.13,14.9,NaN,NaN
B,NORMAL,highlands,Apollo16,87,12.9,0.15,16.8,NaN,NaN
B,NORMAL,highlands,Apollo16,62,7.3,0.12,14.7,NaN,NaN
B,NORMAL,highlands,Apollo16,64,6.9,0.11,13,NaN,NaN
B,NORMAL,highlands,Apollo16,64,7.9,0.12,14.5,NaN,NaN
B,NORMAL,highlands,Apollo16,80,10.7,0.13,15,NaN,NaN
B,NORMAL,highlands,Apollo16,48,4.1,0.09,10.3,NaN,NaN
B,NORMAL,highlands,Apollo16,44,4.8,0.11,12.5,NaN,NaN
B,NORMAL,highlands,Apollo16,67,11.6,0.17,19.1,NaN,NaN
B,NORMAL,highlands,Apollo16,39,4.1,0.11,12.7,NaN,NaN
B,NORMAL,highlands,Apollo16,45,4.6,0.1,11.6,NaN,NaN
B,NORMAL,highlands,Apollo16,45,6.3,0.14,15.9,NaN,NaN
B,NORMAL,highlands,Apollo16,77,9.4,0.12,15.1,NaN,NaN
B,NORMAL,highlands,Apollo16,64,7.8,0.12,15,NaN,NaN
B,NORMAL,highlands,Apollo16,53,6.8,0.13,14.7,NaN,NaN
B,NORMAL,highlands,Apollo16,60,7.4,0.12,13.9,NaN,NaN
B,NORMAL,highlands,Apollo16,63,10.1,0.16,18,NaN,NaN
B,NORMAL,highlands,Apollo16,64,6.3,0.1,12.2,NaN,NaN
B,NORMAL,highlands,Apollo16,57,8.5,0.15,16.9,NaN,NaN
B,NORMAL,highlands,Apollo16,79,11,0.14,15.9,NaN,NaN
B,NORMAL,highlands,Apollo16,53,6.3,0.12,13.4,NaN,NaN
B,NORMAL,highlands,Apollo16,190,20.8,0.11,12.5,NaN,NaN
B,NORMAL,highlands,Apollo16,49,6.6,0.14,15.4,NaN,NaN
B,NORMAL,highlands,Apollo16,49,6.6,0.13,15.3,NaN,NaN
B,NORMAL,highlands,Apollo16,47,4.7,0.1,11.4,NaN,NaN
B,NORMAL,highlands,Apollo16,76,10.8,0.14,16.3,NaN,NaN
B,NORMAL,highlands,Apollo16,65,6.1,0.09,12.8,NaN,NaN
B,NORMAL,highlands,Apollo16,62,7.4,0.12,13.8,NaN,NaN
B,NORMAL,highlands,Apollo16,52,5.5,0.11,12.2,NaN,NaN
B,NORMAL,highlands,Apollo16,39,4.7,0.12,13.7,NaN,NaN
B,NORMAL,highlands,Apollo16,60,6.9,0.11,12.9,NaN,NaN
B,NORMAL,highlands,Apollo16,45,4.9,0.11,12.8,NaN,NaN
B,NORMAL,highlands,Apollo16,47,6.2,0.13,16.3,NaN,NaN
B,NORMAL,highlands,Apollo16,48,6.9,0.14,16.5,NaN,NaN
B,NORMAL,highlands,Apollo16,56,6.2,0.11,12.6,NaN,NaN
B,NORMAL,highlands,Apollo16,46,5.9,0.13,14.3,NaN,NaN
B,NORMAL,highlands,Apollo16,47,3.5,0.07,8.8,NaN,NaN
B,NORMAL,highlands,Apollo16,58,5.1,0.09,10.7,NaN,NaN
B,NORMAL,highlands,Apollo16,55,6.6,0.12,13.9,NaN,NaN
B,NORMAL,highlands,Apollo16,47,4.7,0.1,12.4,NaN,NaN
B,NORMAL,highlands,Apollo16,64,8.3,0.13,14.5,NaN,NaN
B,NORMAL,highlands,Apollo16,180,32.5,0.18,20.3,NaN,NaN
B,NORMAL,highlands,Apollo16,93,18,0.19,21.4,NaN,NaN
B,NORMAL,highlands,Apollo16,61,7.4,0.12,15,NaN,NaN
B,NORMAL,highlands,Apollo16,71,11.6,0.16,18.2,NaN,NaN
B,NORMAL,highlands,Apollo16,114,15.5,0.14,15.3,NaN,NaN
B,NORMAL,highlands,Apollo16,56,5.6,0.1,12,NaN,NaN
B,NORMAL,highlands,Apollo16,60,7.9,0.13,14.9,NaN,NaN
B,NORMAL,highlands,Apollo16,52,4.9,0.1,11.1,NaN,NaN
B,NORMAL,highlands,Apollo16,92,12.7,0.14,16,NaN,NaN
B,NORMAL,highlands,Apollo16,119,17.8,0.15,18.4,NaN,NaN
B,NORMAL,highlands,Apollo16,183,30.1,0.16,18.7,NaN,NaN
B,NORMAL,highlands,Apollo16,63,9,0.14,16.3,NaN,NaN
B,NORMAL,highlands,Apollo16,120,19.4,0.16,18.5,NaN,NaN
B,NORMAL,highlands,Apollo16,75,9.7,0.13,14.5,NaN,NaN
B,NORMAL,highlands,Apollo16,78,8.6,0.11,13.9,NaN,NaN
B,NORMAL,highlands,Apollo16,39,5.5,0.14,15.7,NaN,NaN
B,NORMAL,highlands,Apollo16,70,13.9,0.2,22.5,NaN,NaN
B,NORMAL,highlands,Apollo16,42,5.6,0.13,15.2,NaN,NaN
B,NORMAL,highlands,Apollo16,44,5.3,0.12,14.1,NaN,NaN
B,NORMAL,highlands,Apollo16,112,12.7,0.11,13,NaN,NaN
B,NORMAL,highlands,Apollo16,56,7.8,0.14,16,NaN,NaN
B,NORMAL,highlands,Apollo16,168,20.4,0.12,13.8,NaN,NaN
B,NORMAL,highlands,Apollo16,40,4.7,0.12,14.4,NaN,NaN
B,NORMAL,highlands,Apollo16,66,7.8,0.12,14.1,NaN,NaN
B,NORMAL,highlands,Apollo16,58,7.3,0.13,15.8,NaN,NaN
B,NORMAL,highlands,Apollo16,53,6.1,0.11,13.1,NaN,NaN
B,NORMAL,highlands,Apollo16,72,8,0.11,12.8,NaN,NaN
B,NORMAL,highlands,Apollo16,66,9.4,0.14,17.2,NaN,NaN
B,NORMAL,highlands,Apollo16,102,15,0.15,17.2,NaN,NaN
B,NORMAL,highlands,Apollo16,82,10.7,0.13,15.2,NaN,NaN
B,NORMAL,highlands,Apollo16,67,7.6,0.11,13.8,NaN,NaN
B,NORMAL,highlands,Apollo16,62,10.3,0.17,19,NaN,NaN
B,NORMAL,highlands,Apollo16,93,10.9,0.12,14.8,NaN,NaN
B,NORMAL,highlands,Apollo16,76,13.7,0.18,19.9,NaN,NaN
B,NORMAL,highlands,Apollo16,62,7.4,0.12,13.3,NaN,NaN
B,NORMAL,highlands,Apollo16,64,8.4,0.13,15.6,NaN,NaN
B,NORMAL,highlands,Apollo16,71,8.6,0.12,13.8,NaN,NaN
B,NORMAL,highlands,Apollo16,85,13.5,0.16,18.4,NaN,NaN
B,NORMAL,highlands,Apollo16,65,9.8,0.15,17.7,NaN,NaN
B,NORMAL,highlands,Apollo16,60,8.8,0.15,17.5,NaN,NaN
B,NORMAL,highlands,Apollo16,66,8,0.12,14.3,NaN,NaN
B,NORMAL,highlands,Apollo16,50,6.8,0.14,15.8,NaN,NaN
B,NORMAL,highlands,Apollo16,50,6.2,0.12,15.7,NaN,NaN
B,NORMAL,highlands,Apollo16,39,4.7,0.12,13.9,NaN,NaN
B,NORMAL,ejecta,Aristarchu2,69,10.4,0.15,17.1,NaN,NaN
B,NORMAL,ejecta,Aristarchu2,109,13.7,0.13,14.5,NaN,NaN
B,NORMAL,ejecta,Aristarchu2,82,10,0.12,13.8,NaN,NaN
B,NORMAL,ejecta,Aristarchu2,66,8.7,0.13,15,NaN,NaN
B,NORMAL,ejecta,Aristarchu3,71,8.7,0.12,13.9,NaN,NaN
B,NORMAL,ejecta,Aristarchu3,63,7.7,0.12,13.8,NaN,NaN
B,NORMAL,ejecta,Aristarchu3,90,12.5,0.14,15.5,NaN,NaN
B,NORMAL,ejecta,Aristarchu4,73,8.7,0.12,13.5,NaN,NaN
B,NORMAL,ejecta,Aristarchu4,76,10.5,0.14,15.6,NaN,NaN
B,NORMAL,ejecta,Aristarchu5,95,12.6,0.13,15.2,NaN,NaN
B,NORMAL,ejecta,Aristarchu5,78,7.7,0.1,11.2,NaN,NaN
B,NORMAL,SP,Bhabha,50,5.4,0.11,12.8,NaN,NaN
B,NORMAL,SP,Bhabha,42,4.2,0.1,11.7,NaN,NaN
B,NORMAL,SP,Bhabha,62,6.6,0.11,12.3,NaN,NaN
B,NORMAL,SP,Bhabha,63,8.5,0.14,15.6,NaN,NaN
B,NORMAL,SP,Bhabha,48,5.2,0.11,12.3,NaN,NaN
B,NORMAL,SP,Bhabha,57,6.2,0.11,12.6,NaN,NaN
B,NORMAL,SP,Bhabha,55,5.9,0.11,12.5,NaN,NaN
B,NORMAL,SP,Bhabha,46,4.8,0.11,12,NaN,NaN
B,NORMAL,SP,Bhabha,45,4.3,0.1,10.9,NaN,NaN
B,NORMAL,mare,Bolyai,131,13.1,0.1,11.5,NaN,NaN
B,NORMAL,highlands,ComplexScarp,3676,741,0.2,23.1,114,0.03
B,NORMAL,ejecta,Fresh1,94,12.5,0.13,15.2,NaN,NaN
B,NORMAL,highlands,Fresh10,142,24,0.17,19.8,3,0.02
B,NORMAL,highlands,Fresh10,2324,408,0.18,20.8,58,0.02
B,NORMAL,mix,Fresh13,111,15.8,0.14,16.6,NaN,NaN
B,NORMAL,SP,Fresh13,671,118,0.18,20.6,11,0.02
B,NORMAL,highlands,Hansen,717,129,0.18,21.8,8,0.01
B,MOUND,mare,HerodotusA,10071,2131,0.21,25.9,430,0.04
B,NORMAL,mare,Hortensius5,54,6.2,0.11,13.3,NaN,NaN
B,NORMAL,mare,Hortensius5,104,10.9,0.1,12.3,NaN,NaN
B,NORMAL,mare,Hortensius5,51,5.8,0.11,13.7,NaN,NaN
B,NORMAL,mare,Hortensius5,48,6,0.12,14.3,NaN,NaN
B,NORMAL,mare,Hortensius5,97,12,0.12,14,NaN,NaN
B,NORMAL,mare,Hortensius5,59,5.9,0.1,11.7,NaN,NaN
B,NORMAL,mare,Hortensius5,65,5.3,0.08,9.4,NaN,NaN
B,NORMAL,mare,Hortensius5,73,10.5,0.14,16.4,NaN,NaN
B,NORMAL,mare,Hortensius5,77,11.1,0.14,16.3,NaN,NaN
B,NORMAL,mare,Hortensius5,62,9.5,0.15,17.5,NaN,NaN
B,NORMAL,mare,Hortensius5,71,8.8,0.12,14.6,NaN,NaN
B,NORMAL,mare,Hortensius5,105,14.6,0.14,16.5,NaN,NaN
B,NORMAL,mare,Hortensius5,63,7.6,0.12,14,NaN,NaN
B,NORMAL,mare,Hortensius5,67,9.4,0.14,16.3,NaN,NaN
B,NORMAL,mare,Hortensius5,58,7.9,0.14,15.2,NaN,NaN
B,NORMAL,mare,Hortensius5,125,18.3,0.15,16.4,NaN,NaN
B,NORMAL,mare,Hortensius5,119,16.5,0.14,15.6,NaN,NaN
B,NORMAL,mare,Hortensius5,66,9.2,0.14,15.9,NaN,NaN
B,NORMAL,mare,Hortensius5,45,4.2,0.09,11,NaN,NaN
B,NORMAL,mare,Hortensius5,67,8.2,0.12,14.1,NaN,NaN
B,NORMAL,mare,Hortensius5,45,6.7,0.15,16.9,NaN,NaN
B,NORMAL,mare,Hortensius5,94,10.9,0.12,13.8,NaN,NaN
B,NORMAL,mare,Hortensius5,80,10.6,0.13,14.8,NaN,NaN
B,NORMAL,mare,Hortensius5,49,6.1,0.12,14.2,NaN,NaN
B,NORMAL,mare,Hortensius5,175,29,0.17,18.4,NaN,NaN
B,NORMAL,mare,Hortensius5,49,8.4,0.17,19.6,NaN,NaN
B,NORMAL,mare,Imbrium2,1908,369,0.19,24,51,0.03
B,NORMAL,mare,JeansU,110,10.5,0.1,12.1,NaN,NaN
B,NORMAL,mare,JeansU,1266,250,0.2,24.3,28,0.02
B,FLAT,impact_melt,KingCrater,442,54,0.12,15.4,8,0.02
B,NORMAL,mix,LacusOblivionis,706,159,0.23,25.1,20,0.03
B,NORMAL,silicic,Lassell,208,25.6,0.12,13.9,NaN,NaN
B,NORMAL,silicic,Lassell,2398,460,0.19,21.6,NaN,NaN
B,NORMAL,mare,Luna24,54,5.3,0.1,12,NaN,NaN
B,NORMAL,mare,Luna24,50,4.5,0.09,10.5,NaN,NaN
B,NORMAL,mare,Luna24,56,5.7,0.1,12.3,NaN,NaN
B,NORMAL,mare,Luna24,45,5.4,0.12,13.8,NaN,NaN
B,NORMAL,mare,Luna24,75,8.6,0.11,13.1,NaN,NaN
B,NORMAL,mare,Luna24,50,5.4,0.11,12.6,NaN,NaN
B,NORMAL,mare,Luna24,81,10,0.12,14.5,NaN,NaN
B,NORMAL,mare,Luna24,78,7,0.09,10.3,NaN,NaN
B,NORMAL,mare,Luna24,43,4.9,0.11,13.3,NaN,NaN
B,NORMAL,mare,Luna24,51,3.7,0.07,8.5,NaN,NaN
B,NORMAL,mare,Luna24,51,5.9,0.12,13.5,NaN,NaN
B,FLAT,mare,Luna24,56,6.4,0.11,13.5,NaN,NaN
B,NORMAL,mare,Luna24,70,7.1,0.1,11.7,NaN,NaN
B,NORMAL,mare,Luna24,67,6,0.09,10.6,NaN,NaN
B,NORMAL,mare,Luna24,59,8.3,0.14,17,NaN,NaN
B,NORMAL,mare,Luna24,51,5.8,0.11,13.1,NaN,NaN
B,NORMAL,mare,Luna24,67,6.4,0.09,11.3,NaN,NaN
B,NORMAL,mare,Luna24,74,7.3,0.1,11.3,NaN,NaN
B,NORMAL,mare,Luna24,59,8.2,0.14,15.6,NaN,NaN
B,NORMAL,mare,Luna24,76,8.1,0.11,12.2,NaN,NaN
B,NORMAL,mare,Luna24,50,6,0.12,13.7,NaN,NaN
B,NORMAL,mare,Luna24,87,9,0.1,12.1,NaN,NaN
B,NORMAL,mare,Luna24,56,5.5,0.1,11.8,NaN,NaN
B,NORMAL,mare,Luna24,68,7.1,0.1,12,NaN,NaN
B,NORMAL,mare,Luna24,66,7.3,0.11,13.4,NaN,NaN
B,NORMAL,mare,Luna24,68,6.7,0.1,11.3,NaN,NaN
B,NORMAL,mare,Luna24,97,10.7,0.11,12.8,NaN,NaN
B,NORMAL,mare,Luna24,69,6.5,0.09,10.9,NaN,NaN
B,NORMAL,mare,Luna24,62,7.2,0.12,13.4,NaN,NaN
B,NORMAL,mare,Luna24,55,5.4,0.1,11.2,NaN,NaN
B,NORMAL,mare,Luna24,84,9.3,0.11,12.5,NaN,NaN
B,NORMAL,mare,Luna24,76,10.6,0.14,15.6,NaN,NaN
B,NORMAL,mare,Luna24,65,6.7,0.1,11.8,NaN,NaN
B,NORMAL,mare,Luna24,51,5.2,0.1,11.9,NaN,NaN
B,NORMAL,mare,Luna24,107,10.8,0.1,11.8,NaN,NaN
B,NORMAL,mare,Luna24,92,11.6,0.13,14.9,NaN,NaN
B,NORMAL,mare,Luna24,59,5.9,0.1,11.2,NaN,NaN
B,NORMAL,mare,Luna24,70,8.1,0.12,13,NaN,NaN
B,NORMAL,mare,Luna24,49,5.7,0.12,14,NaN,NaN
B,NORMAL,mare,Luna24,64,7.8,0.12,14.1,NaN,NaN
B,NORMAL,mare,Luna24,67,6.4,0.1,11.2,NaN,NaN
B,NORMAL,mare,Luna24,87,7.3,0.08,9.6,NaN,NaN
B,NORMAL,mare,Luna24,50,5.8,0.12,13.5,NaN,NaN
B,NORMAL,mare,Luna24,57,7.7,0.14,15.1,NaN,NaN
B,NORMAL,mare,Luna24,48,4.1,0.08,9.8,NaN,NaN
B,NORMAL,mare,Luna24,52,4.4,0.08,9.7,NaN,NaN
B,NORMAL,mare,Luna24,67,7.7,0.12,13.1,NaN,NaN
B,NORMAL,mare,Luna24,43,5.6,0.13,14.6,NaN,NaN
B,NORMAL,mare,Luna24,60,6.1,0.1,11.6,NaN,NaN
B,NORMAL,mare,Luna24,52,6.7,0.13,14.9,NaN,NaN
B,NORMAL,mare,Luna24,58,5,0.09,9.9,NaN,NaN
B,NORMAL,mare,Luna24,56,5.5,0.1,11.3,NaN,NaN
B,NORMAL,mare,Luna24,67,5.5,0.08,9.3,NaN,NaN
B,NORMAL,mare,Luna24,72,6.9,0.1,11.1,NaN,NaN
B,NORMAL,mare,Luna24,69,7.1,0.1,11.8,NaN,NaN
B,NORMAL,mare,Luna24,68,7.7,0.11,13.8,NaN,NaN
B,NORMAL,mare,Luna24,84,6.8,0.08,9.9,NaN,NaN
B,NORMAL,mare,Luna24,51,5.5,0.11,13.3,NaN,NaN
B,NORMAL,mare,Luna24,50,6.2,0.12,14.5,NaN,NaN
B,NORMAL,mare,Luna24,50,5.1,0.1,11.8,NaN,NaN
B,NORMAL,mare,Luna24,43,4.1,0.1,10.8,NaN,NaN
B,NORMAL,mare,Luna24,77,8.7,0.11,12.8,NaN,NaN
B,NORMAL,mare,Luna24,50,5,0.1,11.3,NaN,NaN
B,NORMAL,mare,Luna24,97,8.2,0.08,9.8,NaN,NaN
B,NORMAL,mare,Luna24,46,5,0.11,12.2,NaN,NaN
B,NORMAL,mare,Luna24,63,5.3,0.08,9.7,NaN,NaN
B,NORMAL,mare,Luna24,82,9.4,0.11,13,NaN,NaN
B,NORMAL,mare,Luna24,47,5.5,0.12,13.5,NaN,NaN
B,NORMAL,mare,Luna24,88,12.5,0.14,16.1,NaN,NaN
B,NORMAL,mare,Luna24,53,6.1,0.11,13.5,NaN,NaN
B,NORMAL,mare,Luna24,49,5.1,0.1,12.2,NaN,NaN
B,NORMAL,mare,Luna24,58,5.4,0.09,10.9,NaN,NaN
B,NORMAL,mare,Luna24,45,6.2,0.14,15.8,NaN,NaN
B,NORMAL,mare,Luna24,69,7.9,0.11,13.9,NaN,NaN
B,NORMAL,mare,Luna24,80,7.8,0.1,11.3,NaN,NaN
B,NORMAL,mare,Luna24,59,6.5,0.11,12.7,NaN,NaN
B,NORMAL,mare,Luna24,67,6.9,0.1,11.9,NaN,NaN
B,NORMAL,mare,Luna24,48,5,0.1,12,NaN,NaN
B,NORMAL,mare,Luna24,68,7.5,0.11,13.1,NaN,NaN
B,NORMAL,mare,Luna24,79,6.4,0.08,9.3,NaN,NaN
B,NORMAL,mare,Luna24,46,4,0.09,10.1,NaN,NaN
B,NORMAL,mare,Luna24,59,7.2,0.12,13.9,NaN,NaN
B,NORMAL,mare,Luna24,564,88,0.16,19.7,14,0.02
B,NORMAL,mare,MairanT,803,132,0.16,20,15,0.02
B,NORMAL,mare,Marius3,41,4.6,0.11,13,NaN,NaN
B,NORMAL,mare,Marius3,39,4.8,0.12,13.9,NaN,NaN
B,NORMAL,mare,Marius3,57,6.6,0.12,13.4,NaN,NaN
B,NORMAL,mare,Marius3,112,17,0.15,17.2,NaN,NaN
B,NORMAL,mare,Marius3,47,6.5,0.14,15.5,NaN,NaN
B,NORMAL,mare,Marius3,51,4.8,0.09,10.9,NaN,NaN
B,NORMAL,mare,Marius4,62,9.1,0.15,16.6,NaN,NaN
B,NORMAL,mare,Marius4,79,10.9,0.14,16.3,NaN,NaN
B,NORMAL,mare,Marius4,45,4.7,0.1,11.8,NaN,NaN
B,NORMAL,mare,Marius4,64,7.6,0.12,13.8,NaN,NaN
B,NORMAL,mare,Marius4,41,5.4,0.13,15.7,NaN,NaN
B,NORMAL,mare,Marius4,57,5.8,0.1,11.7,NaN,NaN
B,NORMAL,mare,Marius4,60,7.5,0.13,14.1,NaN,NaN
B,NORMAL,mare,Marius4,42,5.4,0.13,14.6,NaN,NaN
B,NORMAL,mare,Marius4,50,6.5,0.13,14.6,NaN,NaN
B,NORMAL,mare,Marius4,50,6.3,0.13,14.8,NaN,NaN
B,NORMAL,mare,Marius4,66,10.1,0.15,17.2,NaN,NaN
B,NORMAL,mare,Marius4,53,6.5,0.12,14.1,NaN,NaN
B,NORMAL,mare,Marius4,45,6.2,0.14,15.7,NaN,NaN
B,NORMAL,mare,Marius4,40,5,0.13,14.1,NaN,NaN
B,NORMAL,mare,Marius4,45,4.9,0.11,12.2,NaN,NaN
B,NORMAL,mare,Marius4,53,6,0.11,12.9,NaN,NaN
B,NORMAL,mare,Marius4,78,10.5,0.13,15,NaN,NaN
B,NORMAL,mare,Marius4,50,6.6,0.13,15.5,NaN,NaN
B,NORMAL,mare,Marius4,41,5.1,0.12,14.5,NaN,NaN
B,NORMAL,mare,Marius4,43,4.1,0.1,11.2,NaN,NaN
B,NORMAL,mare,Marius4,46,4.9,0.11,12.5,NaN,NaN
B,NORMAL,mare,Marius4,65,6.6,0.1,11.5,NaN,NaN
B,NORMAL,highlands,MeltPond,1727,328,0.19,22.6,28,0.02
B,NORMAL,mix,Moscoviense1,1930,446,0.23,28.5,NaN,NaN
B,NORMAL,SP,Orientale1,62,7.2,0.12,13.3,NaN,NaN
B,NORMAL,SP,Orientale1,56,7.4,0.13,14.9,NaN,NaN
B,NORMAL,SP,Orientale1,56,9.7,0.17,20.3,NaN,NaN
B,NORMAL,SP,Orientale1,42,4.8,0.11,13.9,NaN,NaN
B,NORMAL,SP,Orientale1,56,7.1,0.13,15.5,NaN,NaN
B,NORMAL,mix,PetaviusB,358,62,0.17,20.4,7,0.02
B,NORMAL,mare,Ranger,63,8.5,0.13,15.9,NaN,NaN
B,NORMAL,mare,Ranger,48,4.3,0.09,10.3,NaN,NaN
B,NORMAL,mare,Ranger,51,3.9,0.08,9,NaN,NaN
B,NORMAL,mare,Ranger,53,6.1,0.11,13.1,NaN,NaN
B,NORMAL,mare,Ranger,59,5,0.08,9.7,NaN,NaN
B,NORMAL,mare,Ranger,60,6.6,0.11,12.7,NaN,NaN
B,NORMAL,mare,Reiner2,39,3.2,0.08,9.8,NaN,NaN
B,NORMAL,mare,Reiner2,47,4.4,0.09,11.4,NaN,NaN
B,NORMAL,mare,Reiner2,60,8.2,0.14,15.3,NaN,NaN
B,NORMAL,mare,Reiner2,46,5.9,0.13,15.1,NaN,NaN
B,NORMAL,mare,Reiner3,84,10.4,0.12,14.7,NaN,NaN
B,NORMAL,mare,Reiner3,86,9,0.1,11.9,NaN,NaN
B,NORMAL,mare,Reiner3,39,4.1,0.11,12.5,NaN,NaN
B,NORMAL,mare,Reiner3,41,3.7,0.09,10.4,NaN,NaN
B,NORMAL,mare,Reiner3,41,2.6,0.06,7.6,NaN,NaN
B,NORMAL,mare,Reiner3,74,10.2,0.14,16.7,NaN,NaN
B,NORMAL,mare,Reiner3,46,4,0.09,9.8,NaN,NaN
B,NORMAL,mare,Reiner3,46,3.9,0.09,9.8,NaN,NaN
B,NORMAL,mare,Reiner3,50,6.2,0.12,15.2,NaN,NaN
B,NORMAL,mare,Reiner3,50,3.4,0.07,8.1,NaN,NaN
B,NORMAL,mare,Reiner3,48,6.5,0.14,15.5,NaN,NaN
B,NORMAL,mare,Reiner3,48,3.2,0.07,8,NaN,NaN
B,NORMAL,mare,Reiner3,70,10.8,0.15,17.2,NaN,NaN
B,NORMAL,mare,Reiner4,40,4.6,0.11,12.8,NaN,NaN
B,NORMAL,mare,Reiner4,40,5,0.13,14.6,NaN,NaN
B,NORMAL,mare,Reiner4,40,4,0.1,11.4,NaN,NaN
B,NORMAL,mare,Reiner4,47,5.2,0.11,12.5,NaN,NaN
B,NORMAL,mare,Reiner4,41,3.9,0.1,10.9,NaN,NaN
B,NORMAL,mare,Reiner4,42,4.3,0.1,11.8,NaN,NaN
B,NORMAL,mare,Reiner4,44,4.3,0.1,11.2,NaN,NaN
B,NORMAL,mare,Reiner4,111,13.2,0.12,13.9,NaN,NaN
B,NORMAL,mare,Reiner4,51,6.8,0.13,14.8,NaN,NaN
B,NORMAL,mare,Reiner4,62,9.2,0.15,17,NaN,NaN
B,NORMAL,mare,Reiner4,60,4.6,0.08,9.3,NaN,NaN
B,NORMAL,mare,Reiner4,40,4.4,0.11,12.4,NaN,NaN
B,NORMAL,mare,Reiner4,246,39.3,0.16,18.2,NaN,NaN
B,NORMAL,mare,Reiner4,40,3.9,0.1,12.1,NaN,NaN
B,NORMAL,mare,Reiner4,42,4.3,0.1,11.8,NaN,NaN
B,NORMAL,mare,Reiner4,134,13.6,0.1,11.6,NaN,NaN
B,NORMAL,mare,Reiner4,47,5.2,0.11,12.6,NaN,NaN
B,NORMAL,mare,ReinerMos,1130,206,0.18,20.9,19,0.02
B,NORMAL,mare,RumkerDomes4,400,70,0.18,19.1,NaN,NaN
B,NORMAL,highlands,SPArim2,121,19.4,0.16,18.1,NaN,NaN
B,NORMAL,highlands,SPArim3,43,3.9,0.09,10.3,NaN,NaN
B,NORMAL,highlands,SPArim3,131,18.8,0.14,16.7,NaN,NaN
B,NORMAL,highlands,SPArim3,99,12.7,0.13,15.2,NaN,NaN
B,NORMAL,highlands,SPArim3,45,4.6,0.1,12,NaN,NaN
B,NORMAL,highlands,SPArim3,102,12.5,0.12,14.5,NaN,NaN
B,NORMAL,highlands,SPArim3,79,10.9,0.14,15.7,NaN,NaN
B,NORMAL,highlands,SPArim4,56,6.7,0.12,14.1,NaN,NaN
B,NORMAL,highlands,SPArim4,51,4.9,0.1,11.5,NaN,NaN
B,NORMAL,highlands,SPArim4,60,6.4,0.11,12.3,NaN,NaN
B,NORMAL,mare,Sosigenes,621,98,0.16,18.9,7,0.01
B,NORMAL,ejecta,TychoRim,194,27,0.14,17.1,NaN,NaN
B,NORMAL,ejecta,TychoRim,63,11,0.17,20.1,NaN,NaN
B,NORMAL,ejecta,TychoRim,74,6,0.08,10.9,NaN,NaN
B,NORMAL,ejecta,TychoRim,61,6,0.1,11,NaN,NaN
B,NORMAL,ejecta,TychoRim,111,13,0.12,14.3,NaN,NaN
B,NORMAL,ejecta,TychoRim,479,71,0.15,19.2,NaN,NaN
B,NORMAL,ejecta,TychoRim,95,16,0.17,18.8,NaN,NaN
B,NORMAL,ejecta,TychoRim,223,43,0.19,21.8,NaN,NaN
B,NORMAL,ejecta,TychoRim,68,6,0.09,12.1,NaN,NaN
B,NORMAL,ejecta,TychoRim,119,17,0.14,17,4,0.03
B,NORMAL,ejecta,TychoRim,56,7,0.12,15.2,NaN,NaN
B,NORMAL,ejecta,TychoRim,93,14,0.15,17.4,NaN,NaN
B,NORMAL,impact_melt,TychoRim,94,15,0.16,18.6,2,0.02
B,NORMAL,ejecta,TychoSE,85,11.3,0.13,15.1,NaN,NaN
B,NORMAL,ejecta,TychoSE,59,7.8,0.13,15.4,NaN,NaN
B,NORMAL,ejecta,TychoSE,148,16.9,0.11,15.6,NaN,NaN
B,NORMAL,ejecta,TychoSE,122,13.3,0.11,12.5,NaN,NaN
B,NORMAL,ejecta,TychoSE,76,8.2,0.11,12.5,NaN,NaN
B,NORMAL,ejecta,TychoSE,81,9.1,0.11,13.8,NaN,NaN
B,NORMAL,impact_melt,TychoSE,57,8.8,0.15,17.7,NaN,NaN
B,NORMAL,ejecta,TychoSE,138,18.2,0.13,15.7,NaN,NaN
B,NORMAL,ejecta,TychoSE,134,22.7,0.17,18.7,NaN,NaN
B,NORMAL,ejecta,TychoSE,122,27.3,0.22,24.2,NaN,NaN
B,NORMAL,ejecta,TychoSE,126,16.2,0.13,14.9,NaN,NaN
B,NORMAL,impact_melt,TychoSE,80,7.3,0.09,10.5,NaN,NaN
B,NORMAL,ejecta,TychoSE,96,11.5,0.12,13.7,NaN,NaN
B,NORMAL,pyro,VitelloR,3425,704,0.21,24.9,123,0.04
B,NORMAL,ejecta,Whale,190,26.3,0.14,15.8,NaN,NaN
B,NORMAL,ejecta,Whale,123,14.8,0.12,13.6,NaN,NaN
C,NORMAL,highlands,Apollo16,61,4.7,0.08,11.8,NaN,NaN
C,NORMAL,highlands,Apollo16,558,51.3,0.09,10.6,NaN,NaN
C,NORMAL,highlands,Apollo16,145,13,0.09,10.2,NaN,NaN
C,NORMAL,highlands,Apollo16,558,52.8,0.09,10.9,NaN,NaN
C,NORMAL,highlands,Apollo16,473,35.1,0.07,8.7,NaN,NaN
C,NORMAL,highlands,Apollo16,281,34.6,0.12,13.9,NaN,NaN
C,NORMAL,highlands,Apollo16,101,13.5,0.13,15.1,NaN,NaN
C,NORMAL,highlands,Apollo16,459,63.4,0.14,15.9,NaN,NaN
C,NORMAL,highlands,Apollo16,55,4.9,0.09,10.8,NaN,NaN
C,NORMAL,highlands,Apollo16,202,18.5,0.09,10.9,NaN,NaN
C,NORMAL,highlands,Apollo16,234,24.9,0.11,12.1,NaN,NaN
C,NORMAL,highlands,Apollo16,389,22,0.06,6.9,NaN,NaN
C,NORMAL,highlands,Apollo16,107,12.6,0.12,13.6,NaN,NaN
C,NORMAL,highlands,Apollo16,144,18.6,0.13,14.6,NaN,NaN
C,NORMAL,highlands,Apollo16,117,14.3,0.12,14.2,NaN,NaN
C,NORMAL,highlands,Apollo16,124,17.3,0.14,15.8,NaN,NaN
C,NORMAL,highlands,Apollo16,160,18.4,0.11,13.4,NaN,NaN
C,NORMAL,highlands,Apollo16,76,5.6,0.07,12.4,NaN,NaN
C,NORMAL,highlands,Apollo16,221,20.1,0.09,10.9,NaN,NaN
C,NORMAL,highlands,Apollo16,112,12.5,0.11,12.8,NaN,NaN
C,NORMAL,highlands,Apollo16,54,4.1,0.08,9.7,NaN,NaN
C,NORMAL,highlands,Apollo16,145,11.2,0.08,10.6,NaN,NaN
C,NORMAL,highlands,Apollo16,58,5.5,0.09,11.8,NaN,NaN
C,NORMAL,highlands,Apollo16,129,16.5,0.13,14.9,NaN,NaN
C,NORMAL,highlands,Apollo16,88,11,0.12,14,NaN,NaN
C,NORMAL,highlands,Apollo16,337,39.9,0.12,14,NaN,NaN
C,NORMAL,highlands,Apollo16,110,11.6,0.11,13.7,NaN,NaN
C,NORMAL,highlands,Apollo16,161,11.1,0.07,7.9,NaN,NaN
C,NORMAL,highlands,Apollo16,85,10.9,0.13,14.8,NaN,NaN
C,NORMAL,highlands,Apollo16,260,26.7,0.1,11.7,NaN,NaN
C,NORMAL,highlands,Apollo16,328,42.7,0.13,14.6,NaN,NaN
C,NORMAL,highlands,Apollo16,192,13.5,0.07,8.3,NaN,NaN
C,NORMAL,highlands,Apollo16,136,10.3,0.08,9.1,NaN,NaN
C,NORMAL,highlands,Apollo16,191,21.5,0.11,13.4,NaN,NaN
C,NORMAL,highlands,Apollo16,105,11.3,0.11,12.4,NaN,NaN
C,NORMAL,highlands,Apollo16,309,26,0.08,9.6,NaN,NaN
C,NORMAL,highlands,Apollo16,407,52.5,0.13,14.6,NaN,NaN
C,NORMAL,highlands,Apollo16,222,17.4,0.08,8.9,NaN,NaN
C,NORMAL,highlands,Apollo16,243,28.5,0.12,13.2,NaN,NaN
C,NORMAL,highlands,Apollo16,188,18.7,0.1,11.5,NaN,NaN
C,NORMAL,highlands,Apollo16,127,10.4,0.08,9.4,NaN,NaN
C,NORMAL,highlands,Apollo16,178,11.7,0.07,7.8,NaN,NaN
C,NORMAL,highlands,Apollo16,353,20.1,0.06,6.6,NaN,NaN
C,NORMAL,highlands,Apollo16,127,11.3,0.09,10.2,NaN,NaN
C,NORMAL,highlands,Apollo16,124,8.9,0.07,8.9,NaN,NaN
C,NORMAL,highlands,Apollo16,102,11.7,0.11,13.4,NaN,NaN
C,NORMAL,highlands,Apollo16,175,17.3,0.1,11.3,NaN,NaN
C,NORMAL,highlands,Apollo16,209,20.6,0.1,11.2,NaN,NaN
C,NORMAL,highlands,Apollo16,144,16.7,0.12,13.5,NaN,NaN
C,NORMAL,highlands,Apollo16,251,21.3,0.08,9.8,NaN,NaN
C,NORMAL,highlands,Apollo16,136,13.3,0.1,11.5,NaN,NaN
C,NORMAL,highlands,Apollo16,155,11.4,0.07,8.7,NaN,NaN
C,NORMAL,highlands,Apollo16,172,12.1,0.07,8.3,NaN,NaN
C,NORMAL,highlands,Apollo16,155,15.5,0.1,11.7,NaN,NaN
C,NORMAL,highlands,Apollo16,177,14.7,0.08,9.5,NaN,NaN
C,NORMAL,highlands,Apollo16,314,33,0.1,11.9,NaN,NaN
C,NORMAL,mare,Hortensius5,116,14.8,0.13,14.9,NaN,NaN
C,NORMAL,mare,Hortensius5,55,4.7,0.08,9.8,NaN,NaN
C,NORMAL,mare,Hortensius5,126,17,0.14,15.4,NaN,NaN
C,NORMAL,mare,JeansU,85,10,0.12,13.5,NaN,NaN
C,NORMAL,highlands,NewCrater2,392,47,0.12,15.2,10,0.02
C,NORMAL,highlands,Pasteur,1219,91,0.07,11.6,NaN,NaN
C,NORMAL,mix,SeismicLander,3461,577,0.17,20.3,78,0.02
A,NORMAL,mare,Apollo15,42,3.7,0.09,10.1,NaN,NaN
A,NORMAL,mare,Apollo15,41,5.6,0.14,16.7,1,NaN
A,NORMAL,highlands,Apollo16_1,67,9.7,0.15,16.5,NaN,NaN
A,NORMAL,highlands,Apollo16_1,53,7.4,0.14,16.1,NaN,NaN
A,FLAT,highlands,APOLLO16_1,164,24,0.15,19.2,8,0.05
AA,FLAT,highlands,APOLLO16_1,695,129,0.19,22.8,23,0.03
AA,NORMAL,highlands,APOLLO16_2,116,22,0.19,20.2,NaN,NaN
AA,NORMAL,highlands,APOLLO16_2,162,27,0.17,19.7,8,0.05
A,NORMAL,pyro,AristPyro/RIMSCHRODGR,292,58,0.2,22.2,7,0.02
A,NORMAL,ejecta,Aristarchu2,48,5.3,0.11,12.9,NaN,NaN
A,NORMAL,ejecta,Aristarchu3,53,6.9,0.13,14.7,NaN,NaN
AA,NORMAL,pyro,Atlas1,113,18,0.16,18,3,0.03
A,NORMAL,SP,Bhabha,73,9.7,0.13,14.9,NaN,NaN
A,NORMAL,SP,Bhabha,68,7.9,0.12,13.1,NaN,NaN
A,NORMAL,mare,BirtVent,184,31,0.17,19.4,4,0.02
A,FLAT,mare,BirtVent,312,43,0.14,19,7,0.02
AA,NORMAL,highlands,DollandB,117,15,0.13,15.9,4,0.03
A,POND,mare,DorsumNicol,622,135,0.22,25.5,19,0.03
A,POND,highlands,Dufay_mosaic,274,49,0.18,20,12,0.04
AA,POND,highlands,FRESH1,2581,605,0.23,28,81,0.03
A,POND,SP,Fresh10,3454,701,0.2,24.1,131,0.04
AA,POND,SP,Fresh13,936,179,0.19,23.2,39,0.04
AA,POND,mare,Fresh14,1746,315,0.18,23.1,63,0.04
A,POND,highlands,Fresh15,694,142,0.2,23.2,24,0.03
AA,POND,mix,Fresh16,1547,371,0.24,28.4,22,0.01
A,POND,highlands,Fresh18,2065,450,0.22,27.7,86,0.04
A,FLAT,highlands,FRESH3,290,48,0.17,20.7,8,0.03
AA,POND,highlands,FreshCraterVolumeCalc,1723,412,0.24,28.9,106,0.06
AA,NORMAL,SP,FRSHCRATER4,1151,210,0.18,22.6,34,0.03
AA,POND,mix,FRSHCRATER5,466,91,0.2,24.1,8,0.02
A,FLAT,mix,Gruithuise1,198,24.7,0.12,14.7,NaN,NaN
A,NORMAL,mare,Hortensius5,66,6.2,0.09,11.4,NaN,NaN
A,NORMAL,impact_melt,Hponds_mosaic,150,25,0.17,20.6,5,0.04
A,NORMAL,mare,InaCaldera1,82,12.8,0.16,17.6,NaN,NaN
A,NORMAL,mix,InaCaldera1,41,7.1,0.17,19.1,NaN,NaN
A,FLAT,mare,JeansU,203,32.1,0.16,17.8,NaN,NaN
A,MOUND,mare,KaguyaTC,2103,495,0.24,25.9,73,0.03
AA,POND,mare,KaguyaTC,503,98,0.19,23.3,10,0.02
AA,MOUND,mare,KaguyaTC,2922,717,0.25,26.8,135,0.05
AA,POND,mare,KaguyaTC,3575,822,0.23,26.7,167,0.05
A,POND,mare,KaguyaTC,3052,649,0.21,26.4,127,0.04
AA,MOUND,mare,KaguyaTC,691,137,0.2,23.8,21,0.03
AA,FLAT,mare,KaguyaTC,753,135,0.18,21.9,19,0.03
A,FLAT,mare,KaguyaTC,924,172,0.19,18.8,17,0.02
A,POND,SP,KaguyaTC,5262,1184,0.23,21.1,175,0.03
A,POND,SP,KaguyaTC,1097,236,0.22,21.6,43,0.04
AA,POND,SP,KaguyaTC,1569,332,0.21,23.8,69,0.04
AA,POND,highlands,KaguyaTC,1951,494,0.25,27.6,82,0.04
AA,NORMAL,SP,KaguyaTC,530,99,0.19,22.4,11,0.02
A,NORMAL,highlands,KaguyaTC,577,95,0.16,19.9,34,0.06
AA,NORMAL,highlands,KaguyaTC,722,155,0.21,23.6,30,0.04
AA,POND,highlands,KaguyaTC,873,214,0.25,25.5,39,0.04
A,POND,highlands,KaguyaTC,3060,660,0.22,25.5,114,0.04
AA,POND,SP,KaguyaTC,816,150,0.18,21,36,0.04
AA,POND,mare,KaguyaTC,1822,404,0.22,26.6,72,0.04
AA,POND,mare,KaguyaTC,1962,377,0.19,24.3,65,0.03
A,FLAT,mare,Lichtenberg_mosaic,213,38.2,0.18,19.9,NaN,NaN
AA,FLAT,mare,LINNECRATER,2214,521,0.24,27.3,95,0.04
A,MOUND,mare,Luna24,77,11.5,0.15,17.3,NaN,NaN
A,FLAT,Pyro,MareNubium,791,160,0.2,23.4,20,0.03
A,NORMAL,mare,Marius3,44,3.9,0.09,10.4,NaN,NaN
AA,POND,mix,Melty_Fresh,3076,500,0.16,24.8,131,0.04
A,NORMAL,highlands,NEWCRATER2_riccius,149,29,0.19,22.3,4,0.02
A,MOUND,mare,Ranger,60,7,0.12,13.6,NaN,NaN
A,MOUND,mare,Ranger,44,4.6,0.1,11.9,NaN,NaN
A,NORMAL,mare,Ranger,55,6.3,0.12,13.8,NaN,NaN
A,NORMAL,mare,Ranger,55,5.1,0.09,10.8,NaN,NaN
A,MOUND,mare,Ranger,41,5.6,0.14,19.3,NaN,NaN
A,NORMAL,mare,Ranger,51,6.4,0.12,14.3,NaN,NaN
A,NORMAL,mare,Ranger,43,5.8,0.14,17.5,NaN,NaN
A,MOUND,mare,Ranger,63,8.3,0.13,15.7,NaN,NaN
A,NORMAL,mare,Reiner2,46,5.1,0.11,14,NaN,NaN
AA,FLAT,mare,Reiner2,109,14.7,0.13,15.2,NaN,NaN
A,MOUND,mare,Reiner2,43,4.1,0.09,10.8,NaN,NaN
A,FLAT,mare,Reiner3,59,8.4,0.14,16.3,NaN,NaN
A,NORMAL,mare,Reiner3,46,6.1,0.13,14.8,NaN,NaN
A,NORMAL,mare,Reiner3,61,7.1,0.12,13.6,NaN,NaN
AA,POND,mix,SFcrater_1,7498,1667,0.22,21.6,NaN,NaN
A,NORMAL,highlands,SPArim2,44,4.2,0.1,10.9,NaN,NaN
A,NORMAL,highlands,SPArim3,43,5.4,0.13,14.2,NaN,NaN
A,NORMAL,highlands,SPArim4,84,11.7,0.14,15.9,NaN,NaN
A,POND,mix,Small_crater_2.5km,2251,445,0.2,25.1,NaN,NaN
A,NORMAL,ejecta,TychoRim,113,15,0.13,16.6,NaN,NaN
A,NORMAL,ejecta,TychoRim,102,20,0.19,22.9,NaN,NaN
A,NORMAL,ejecta,TychoSE,92,16.2,0.18,20,NaN,NaN
A,NORMAL,ejecta,TychoSE,104,14.6,0.14,17.8,NaN,NaN
A,NORMAL,highlands,VirtanenGrabenM182/VIRTANEN3,462,90,0.19,22.4,NaN,NaN
AA,NORMAL,mix,Whale,119,20,0.17,19.6,7,0.06
AA,NORMAL,mix,Whale,167,32,0.19,22.2,NaN,NaN
A,NORMAL,highlands,MorozovEScarp,120,18.4,0.15,20.1,NaN,NaN
A,NORMAL,highlands,NectarisRim_I_mosaic,84,12.4,0.15,16.8,NaN,NaN
B,NORMAL,highlands,ChapelleT,278,40,0.14,16.4,NaN,NaN
B,NORMAL,mare,HardingH,261,40.3,0.15,17.9,NaN,NaN
B,MOUND,highlands,HendersonScarp,228,27.3,0.12,14.8,NaN,NaN
B,NORMAL,highlands,HendersonScarp,233,31.6,0.14,15.7,NaN,NaN
B,MOUND,highlands,HendersonScarp,365,43.1,0.12,14.5,NaN,NaN
B,NORMAL,ejecta,LarmorQ_mosaic,260,50.3,0.19,21.2,NaN,NaN
B,NORMAL,highlands,MorozovEScarp,225,30.3,0.13,15.8,NaN,NaN
B,NORMAL,highlands,NectarisRim_I_mosaic,341,50.2,0.15,17.1,NaN,NaN
B,NORMAL,highlands,Rosseland2,263,41.7,0.16,17.8,NaN,NaN
AB,NORMAL,highlands,ChapelleT,145,24.4,0.17,18.7,NaN,NaN
AB,NORMAL,ejecta,CopernGrab,108,24.3,0.23,24.4,NaN,NaN
AB,NORMAL,ejecta,CopernGrab,215,36.8,0.17,19,NaN,NaN
AB,NORMAL,ejecta,CopernGrab,123,15.9,0.13,15,NaN,NaN
AB,NORMAL,ejecta,CopernGrab,290,57,0.2,21.5,NaN,NaN
AB,NORMAL,ejecta,CopernGrab,110,18.5,0.17,19.1,NaN,NaN
AB,NORMAL,ejecta,CopernGrab,233,44.6,0.19,21.4,NaN,NaN
AB,NORMAL,ejecta,CopernGrab,140,15.3,0.11,12.7,NaN,NaN
AB,MOUND,highlands,Feoktistov,133,20.5,0.15,17.3,NaN,NaN
AB,NORMAL,highlands,FowlerScarp,49,5,0.1,11.8,NaN,NaN
AB,NORMAL,SP,FowlerScarp,96,11.4,0.12,14.3,NaN,NaN
AB,NORMAL,SP,FowlerScarp,83,10.8,0.13,14.8,NaN,NaN
AB,NORMAL,SP,FowlerScarp,39,5,0.13,14.6,NaN,NaN
AB,NORMAL,highlands,Fraunhofre,104,14,0.13,15.7,NaN,NaN
AB,NORMAL,ejecta,GLUSHKO2,138,24.4,0.18,20.7,NaN,NaN
AB,NORMAL,ejecta,GLUSHKO2,215,39.8,0.19,20.5,NaN,NaN
AB,NORMAL,ejecta,GLUSHKO2,125,19.3,0.15,17.3,NaN,NaN
AB,NORMAL,ejecta,GLUSHKO2,153,31.4,0.21,22.5,NaN,NaN
AB,NORMAL,impact_melt,GLUSHKO2,268,38,0.14,16.1,NaN,NaN
AB,NORMAL,impact_melt,GLUSHKO2,103,11.7,0.11,12.8,NaN,NaN
AB,NORMAL,ejecta,GLUSHKO2,125,20.1,0.16,18.4,NaN,NaN
AB,NORMAL,ejecta,GLUSHKO2,155,31.1,0.2,22.2,NaN,NaN
AB,NORMAL,ejecta,GLUSHKO2,103,12.7,0.12,15.6,NaN,NaN
AB,NORMAL,ejecta,Gluskho1,310,57.2,0.18,20.3,NaN,NaN
AB,NORMAL,ejecta,Gluskho1,133,16.4,0.12,14.2,NaN,NaN
AB,NORMAL,ejecta,Gluskho1,125,15.5,0.12,13.9,NaN,NaN
AB,NORMAL,ejecta,Gluskho1,305,52.5,0.17,19.3,NaN,NaN
AB,NORMAL,ejecta,Gluskho1,235,42,0.18,20.4,NaN,NaN
AB,MOUND,ejecta,Gluskho1,125,18.6,0.15,16.5,NaN,NaN
AB,NORMAL,mare,HardingH,263,36.3,0.14,15.7,NaN,NaN
AB,NORMAL,highlands,HendersonScarp,238,39.2,0.16,18.7,NaN,NaN
AB,NORMAL,highlands,HendersonScarp,185,26.4,0.14,16.9,NaN,NaN
AB,MOUND,highlands,HendersonScarp,118,13.9,0.12,14.1,NaN,NaN
AB,NORMAL,highlands,HighlandsPhotometry,200,33,0.17,18.5,NaN,NaN
AB,MOUND,highlands,HighlandsPhotometry,255,42.6,0.17,18.9,NaN,NaN
AB,NORMAL,impact_melt,ImpactMelt2,80,11.7,0.15,16.6,NaN,NaN
AB,NORMAL,impact_melt,ImpactMelt2,62,9.9,0.16,18.3,NaN,NaN
AB,NORMAL,impact_melt,ImpactMelt2,56,7.7,0.14,15.6,NaN,NaN
AB,NORMAL,impact_melt,ImpactMelt2,60,10.3,0.17,19.6,NaN,NaN
AB,NORMAL,highlands,Karrer_mosaic,89,13.3,0.15,16.6,NaN,NaN
AB,NORMAL,impact_melt,KingCrater_mosaic,145,19.3,0.13,15.1,NaN,NaN
AB,NORMAL,impact_melt,KingCrater_mosaic,73,4.4,0.06,7.2,NaN,NaN
AB,MOUND,impact_melt,KingCrater_mosaic,534,81.8,0.15,17.7,NaN,NaN
AB,NORMAL,impact_melt,KingCrater_mosaic,194,25.8,0.13,16,NaN,NaN
AB,NORMAL,impact_melt,KingCrater_mosaic,75,4.8,0.06,8,NaN,NaN
AB,FLAT,highlands,LADEE1,115,15,0.13,15.3,NaN,NaN
AB,NORMAL,highlands,LADEE1,175,27.6,0.16,17.5,NaN,NaN
AB,NORMAL,ejecta,LADEE1,535,117.7,0.22,24.1,NaN,NaN
AB,NORMAL,highlands,LADEE1,130,20.3,0.16,17.5,NaN,NaN
AB,FLAT,ejecta,LarmorQ_mosaic,175,19.7,0.11,12.8,NaN,NaN
AB,NORMAL,ejecta,LarmorQ_mosaic,130,20.7,0.16,17.7,NaN,NaN
AB,NORMAL,ejecta,LarmorQ_mosaic,108,18.6,0.17,19.3,NaN,NaN
AB,MOUND,mare,MareExplorer,118,7.4,0.06,7.2,NaN,NaN
AB,FLAT,mare,MareExplorer,190,20,0.11,12.1,NaN,NaN
AB,FLAT,mare,MareExplorer,133,11.5,0.09,9.8,NaN,NaN
AB,MOUND,mare,MareExplorer,208,26.4,0.13,14.7,NaN,NaN
AB,MOUND,mare,MareExplorer,168,16.1,0.1,11.1,NaN,NaN
AB,MOUND,mare,MareExplorer,208,29.2,0.14,15.8,NaN,NaN
AB,FLAT,mare,MareExplorer,190,21.1,0.11,12.6,NaN,NaN
AB,MOUND,mare,MareIngenii_mosaic,185,26.7,0.14,16.8,NaN,NaN
AB,NORMAL,mare,MareIngenii_mosaic,199,33.8,0.17,18.7,NaN,NaN
AB,NORMAL,mare,MareIngenii_mosaic,163,23,0.14,15.8,NaN,NaN
AB,NORMAL,highlands,Maurolycus,204,40,0.2,21.5,NaN,NaN
AB,NORMAL,highlands,Maurolycus,65,8.3,0.13,15.4,NaN,NaN
AB,NORMAL,highlands,MorozovEScarp,130,18.4,0.14,16.2,NaN,NaN
AB,NORMAL,ejecta,NearLents,56,7,0.13,14.4,NaN,NaN
AB,NORMAL,ejecta,NearLents,62,11.5,0.19,20.5,NaN,NaN
AB,NORMAL,ejecta,NearLents,68,10.3,0.15,17.5,NaN,NaN
AB,NORMAL,ejecta,Necho1,218,38.9,0.18,19.8,NaN,NaN
AB,NORMAL,ejecta,Necho1,150,22.3,0.15,16.6,NaN,NaN
AB,NORMAL,ejecta,Necho1,133,20,0.15,15.9,NaN,NaN
AB,NORMAL,ejecta,Necho2,135,20.6,0.15,17.5,NaN,NaN
AB,NORMAL,ejecta,Necho2,403,79.2,0.2,22.4,NaN,NaN
AB,NORMAL,ejecta,Necho2,198,27.4,0.14,16.2,NaN,NaN
AB,NORMAL,highlands,NectarisRim_I_mosaic,138,26,0.19,20.6,NaN,NaN
AB,NORMAL,highlands,NectarisRim_I_mosaic,162,29.6,0.18,20.3,NaN,NaN
AB,NORMAL,highlands,NectarisRim_I_mosaic,98,15.9,0.16,18.1,NaN,NaN
AB,NORMAL,highlands,NectarisRim_I_mosaic,104,17.8,0.17,18.9,NaN,NaN
AB,NORMAL,highlands,NectarisRim_I_mosaic,126,22.7,0.18,19.7,NaN,NaN
AB,NORMAL,highlands,NectarisRim_I_mosaic,146,22.3,0.15,17.3,NaN,NaN
AB,NORMAL,highlands,NectarisRim_I_mosaic,93,11.6,0.12,14,NaN,NaN
AB,NORMAL,highlands,OppenhiemerF,139,21.3,0.15,17.3,NaN,NaN
AB,NORMAL,highlands,OppenhiemerF,127,20.1,0.16,18.3,NaN,NaN
AB,NORMAL,impact_melt,Surveyor7,73,10.7,0.15,16.7,NaN,NaN
AB,NORMAL,ejecta,Surveyor7,111,17.5,0.16,18.6,NaN,NaN
AB,NORMAL,ejecta,Surveyor7,73,11.4,0.16,18.5,NaN,NaN
AB,NORMAL,highlands,WeirdCrater,98,15.6,0.16,17.7,NaN,NaN
AB,NORMAL,highlands,WeirdCrater,65,8.5,0.13,15.9,NaN,NaN
AB,NORMAL,highlands,WeirdCrater,58,6.9,0.12,13.9,NaN,NaN
AB,NORMAL,ejecta,WienerF_mosaic,75,11.8,0.16,17.4,NaN,NaN
AB,NORMAL,ejecta,WienerF_mosaic,135,20.4,0.15,17.3,NaN,NaN
AB,NORMAL,ejecta,WienerF_mosaic,46,4.7,0.1,12.3,NaN,NaN
AB,NORMAL,ejecta,WienerF_mosaic,62,7.8,0.13,14.3,NaN,NaN
AB,NORMAL,ejecta,WienerF_mosaic,39,4.2,0.11,12.3,NaN,NaN
AB,NORMAL,ejecta,WienerF_mosaic,64,9.5,0.15,17,NaN,NaN
